
        <fbs:DSInputSpec xmlns:fbs="http://fedora.comm.nsdlib.org/service/bindspec" label="Datastream Input Specification for Dual Resolution Image Implementation">
          <fbs:DSInput DSMax="1" DSMin="1" DSOrdinality="false" wsdlMsgPartName="FULL_SIZE">
            <fbs:DSInputLabel>FULL_SIZE Binding</fbs:DSInputLabel>
            <fbs:DSMIME>image/jpeg</fbs:DSMIME>
            <fbs:DSInputInstruction></fbs:DSInputInstruction>
          </fbs:DSInput>
          <fbs:DSInput DSMax="1" DSMin="1" DSOrdinality="false" wsdlMsgPartName="MEDIUM_SIZE">
            <fbs:DSInputLabel>MEDIUM_SIZE Binding</fbs:DSInputLabel>
            <fbs:DSMIME>image/jpeg</fbs:DSMIME>
            <fbs:DSInputInstruction></fbs:DSInputInstruction>
          </fbs:DSInput>
        </fbs:DSInputSpec>
      