
        <wsdl:definitions xmlns:http="http://schemas.xmlsoap.org/wsdl/http/" xmlns:mime="http://schemas.xmlsoap.org/wsdl/mime/" xmlns:soap="http://schemas.xmlsoap.org/wsdl/soap" xmlns:soapenc="http://schemas.xmlsoap.org/wsdl/soap/encoding" xmlns:this="bmech" xmlns:wsdl="http://schemas.xmlsoap.org/wsdl/" xmlns:xsd="http://www.w3.org/2001/XMLSchema" name="Dual Resolution Image Implementation" targetNamespace="bmech">
          <wsdl:types>
            <xsd:schema targetNamespace="bmech">
              <xsd:simpleType name="FULL_SIZEType">
                <xsd:restriction base="xsd:string"></xsd:restriction>
              </xsd:simpleType>
              <xsd:simpleType name="MEDIUM_SIZEType">
                <xsd:restriction base="xsd:string"></xsd:restriction>
              </xsd:simpleType>
            </xsd:schema>
          </wsdl:types>
          <wsdl:message name="fullSizeRequest">
            <wsdl:part name="FULL_SIZE" type="this:FULL_SIZEType"></wsdl:part>
          </wsdl:message>
          <wsdl:message name="mediumSizeRequest">
            <wsdl:part name="MEDIUM_SIZE" type="this:MEDIUM_SIZEType"></wsdl:part>
          </wsdl:message>
          <wsdl:message name="dissemResponse">
            <wsdl:part name="dissem" type="xsd:base64Binary"></wsdl:part>
          </wsdl:message>
          <wsdl:portType name="DualResImageImplPortType">
            <wsdl:operation name="fullSize">
              <wsdl:input message="this:fullSizeRequest"></wsdl:input>
              <wsdl:output message="this:dissemResponse"></wsdl:output>
            </wsdl:operation>
            <wsdl:operation name="mediumSize">
              <wsdl:input message="this:mediumSizeRequest"></wsdl:input>
              <wsdl:output message="this:dissemResponse"></wsdl:output>
            </wsdl:operation>
          </wsdl:portType>
          <wsdl:service name="DualResImageImpl">
            <wsdl:port binding="this:DualResImageImpl_http" name="DualResImageImpl_port">
              <http:address location="LOCAL"></http:address>
            </wsdl:port>
          </wsdl:service>
          <wsdl:binding name="DualResImageImpl_http" type="this:DualResImageImplPortType">
            <http:binding verb="GET"></http:binding>
            <wsdl:operation name="fullSize">
              <http:operation location="(FULL_SIZE)"></http:operation>
              <wsdl:input>
                <http:urlReplacement></http:urlReplacement>
              </wsdl:input>
              <wsdl:output>
                <mime:content type="image/jpeg"></mime:content>
              </wsdl:output>
            </wsdl:operation>
            <wsdl:operation name="mediumSize">
              <http:operation location="(MEDIUM_SIZE)"></http:operation>
              <wsdl:input>
                <http:urlReplacement></http:urlReplacement>
              </wsdl:input>
              <wsdl:output>
                <mime:content type="image/jpeg"></mime:content>
              </wsdl:output>
            </wsdl:operation>
          </wsdl:binding>
        </wsdl:definitions>
      