
        <wsdl:definitions xmlns:http="http://schemas.xmlsoap.org/wsdl/http/" xmlns:mime="http://schemas.xmlsoap.org/wsdl/mime/" xmlns:soap="http://schemas.xmlsoap.org/wsdl/soap" xmlns:soapenc="http://schemas.xmlsoap.org/wsdl/soap/encoding" xmlns:this="saxon" xmlns:wsdl="http://schemas.xmlsoap.org/wsdl/" xmlns:xsd="http://www.w3.org/2001/XMLSchema" name="Fedora Local Saxon Service" targetNamespace="saxon">
          <wsdl:types>
            <xsd:schema targetNamespace="saxon">
              <xsd:simpleType name="URLType">
                <xsd:restriction base="xsd:string"></xsd:restriction>
              </xsd:simpleType>
              <xsd:simpleType name="CLEAR_CACHEType">
                <xsd:restriction base="xsd:string">
                  <xsd:enumeration value="yes"></xsd:enumeration>
                  <xsd:enumeration value="no"></xsd:enumeration>
                </xsd:restriction>
              </xsd:simpleType>
            </xsd:schema>
          </wsdl:types>
          <wsdl:message name="getDocumentStyle1Request">
            <wsdl:part name="XML_SOURCE" type="this:URLType"></wsdl:part>
            <wsdl:part name="XSL_STYLESHEET1" type="this:URLType"></wsdl:part>
            <wsdl:part name="CLEAR_CACHE" type="this:CLEAR_CACHEType"></wsdl:part>
          </wsdl:message>
          <wsdl:message name="getDocumentStyle2Request">
            <wsdl:part name="XML_SOURCE" type="this:URLType"></wsdl:part>
            <wsdl:part name="XSL_STYLESHEET2" type="this:URLType"></wsdl:part>
            <wsdl:part name="CLEAR_CACHE" type="this:CLEAR_CACHEType"></wsdl:part>
          </wsdl:message>
          <wsdl:message name="xslt_response">
            <wsdl:part name="exhibit" type="xsd:base64Binary"></wsdl:part>
          </wsdl:message>
          <wsdl:portType name="FedoraSaxonPortType">
            <wsdl:operation name="getDocumentStyle1">
              <wsdl:input message="this:getDocumentStyle1Request"></wsdl:input>
              <wsdl:output message="this:xslt_response"></wsdl:output>
            </wsdl:operation>
            <wsdl:operation name="getDocumentStyle2">
              <wsdl:input message="this:getDocumentStyle2Request"></wsdl:input>
              <wsdl:output message="this:xslt_response"></wsdl:output>
            </wsdl:operation>
          </wsdl:portType>
          <wsdl:service name="FedoraSaxon">
            <wsdl:port binding="this:FedoraSaxon_http" name="FedoraSaxon_port">
              <http:address location="http://local.fedora.server/saxon/"></http:address>
            </wsdl:port>
          </wsdl:service>
          <wsdl:binding name="FedoraSaxon_http" type="this:FedoraSaxonPortType">
            <http:binding verb="GET"></http:binding>
            <wsdl:operation name="getDocumentStyle1">
              <http:operation location="SaxonServlet?source=(XML_SOURCE)&amp;style=(XSL_STYLESHEET1)&amp;clear-stylesheet-cache=(CLEAR_CACHE)"></http:operation>
              <wsdl:input>
                <http:urlReplacement></http:urlReplacement>
              </wsdl:input>
              <wsdl:output>
                <mime:content type="text/html"></mime:content>
              </wsdl:output>
            </wsdl:operation>
            <wsdl:operation name="getDocumentStyle2">
              <http:operation location="SaxonServlet?source=(XML_SOURCE)&amp;style=(XSL_STYLESHEET2)&amp;clear-stylesheet-cache=(CLEAR_CACHE)"></http:operation>
              <wsdl:input>
                <http:urlReplacement></http:urlReplacement>
              </wsdl:input>
              <wsdl:output>
                <mime:content type="text/html"></mime:content>
              </wsdl:output>
            </wsdl:operation>
          </wsdl:binding>
        </wsdl:definitions>
      