
        <fbs:DSInputSpec xmlns:fbs="http://fedora.comm.nsdlib.org/service/bindspec" label="Datastream Input Specification for Image Collection">
          <fbs:DSInput DSMax="1" DSMin="1" DSOrdinality="false" wsdlMsgPartName="XSLT">
            <fbs:DSInputLabel>XSLT Binding</fbs:DSInputLabel>
            <fbs:DSMIME>text/xml</fbs:DSMIME>
            <fbs:DSInputInstruction></fbs:DSInputInstruction>
          </fbs:DSInput>
          <fbs:DSInput DSMax="1" DSMin="1" DSOrdinality="false" wsdlMsgPartName="LIST">
            <fbs:DSInputLabel>LIST Binding</fbs:DSInputLabel>
            <fbs:DSMIME>text/xml</fbs:DSMIME>
            <fbs:DSInputInstruction></fbs:DSInputInstruction>
          </fbs:DSInput>
          <fbs:DSInput DSMax="1" DSMin="1" DSOrdinality="false" wsdlMsgPartName="QUERY">
            <fbs:DSInputLabel>QUERY Binding</fbs:DSInputLabel>
            <fbs:DSMIME>text/plain</fbs:DSMIME>
            <fbs:DSInputInstruction></fbs:DSInputInstruction>
          </fbs:DSInput>
        </fbs:DSInputSpec>
      