
        <fbs:DSInputSpec xmlns:fbs="http://fedora.comm.nsdlib.org/service/bindspec" label="Datastream Input Specification">
          <fbs:DSInput DSMax="1" DSMin="1" DSOrdinality="false" wsdlMsgPartName="THUMBRES_IMG">
            <fbs:DSInputLabel>thumbnail image</fbs:DSInputLabel>
            <fbs:DSMIME>image/jpeg</fbs:DSMIME>
            <fbs:DSInputInstruction>image of type image/jpeg at 100 dpi</fbs:DSInputInstruction>
          </fbs:DSInput>
          <fbs:DSInput DSMax="1" DSMin="1" DSOrdinality="false" wsdlMsgPartName="MEDRES_IMG">
            <fbs:DSInputLabel>medium resolution image</fbs:DSInputLabel>
            <fbs:DSMIME>image/jpeg</fbs:DSMIME>
            <fbs:DSInputInstruction>image of type image/jpeg at 300 dpi</fbs:DSInputInstruction>
          </fbs:DSInput>
          <fbs:DSInput DSMax="1" DSMin="1" DSOrdinality="false" wsdlMsgPartName="HIGHRES_IMG">
            <fbs:DSInputLabel>high resolution image</fbs:DSInputLabel>
            <fbs:DSMIME>image/jpeg</fbs:DSMIME>
            <fbs:DSInputInstruction>image of type image/jpeg at 600 dpi</fbs:DSInputInstruction>
          </fbs:DSInput>
          <fbs:DSInput DSMax="1" DSMin="1" DSOrdinality="false" wsdlMsgPartName="VERYHIGHRES_IMG">
            <fbs:DSInputLabel>very high resolution image</fbs:DSInputLabel>
            <fbs:DSMIME>image/jpeg</fbs:DSMIME>
            <fbs:DSInputInstruction>image of type image/jpeg at 1200 dpi</fbs:DSInputInstruction>
          </fbs:DSInput>
        </fbs:DSInputSpec>
      