
        <wsdl:definitions xmlns:http="http://schemas.xmlsoap.org/wsdl/http/" xmlns:mime="http://schemas.xmlsoap.org/wsdl/mime/" xmlns:soap="http://schemas.xmlsoap.org/wsdl/soap" xmlns:soapenc="http://schemas.xmlsoap.org/wsdl/soap/encoding" xmlns:this="imgget" xmlns:wsdl="http://schemas.xmlsoap.org/wsdl/" xmlns:xsd="http://www.w3.org/2001/XMLSchema" name="Fedora HTTP Image Getter Service" targetNamespace="imgget">
          <wsdl:types>
            <xsd:schema targetNamespace="imgget">
              <xsd:simpleType name="imageURLType">
                <xsd:restriction base="xsd:string"></xsd:restriction>
              </xsd:simpleType>
            </xsd:schema>
          </wsdl:types>
          <wsdl:message name="getThumbRequest">
            <wsdl:part name="THUMBRES_IMG" type="this:imageURLType"></wsdl:part>
          </wsdl:message>
          <wsdl:message name="getMedRequest">
            <wsdl:part name="MEDRES_IMG" type="this:imageURLType"></wsdl:part>
          </wsdl:message>
          <wsdl:message name="getHighRequest">
            <wsdl:part name="HIGHRES_IMG" type="this:imageURLType"></wsdl:part>
          </wsdl:message>
          <wsdl:message name="getVeryHighRequest">
            <wsdl:part name="VERYHIGHRES_IMG" type="this:imageURLType"></wsdl:part>
          </wsdl:message>
          <wsdl:message name="image_response">
            <wsdl:part name="image" type="xsd:base64Binary"></wsdl:part>
          </wsdl:message>
          <wsdl:portType name="GetImagePortType">
            <wsdl:operation name="getThumbnail">
              <wsdl:input message="this:getThumbRequest"></wsdl:input>
              <wsdl:output message="this:image_response"></wsdl:output>
            </wsdl:operation>
            <wsdl:operation name="getMedium">
              <wsdl:input message="this:getMedRequest"></wsdl:input>
              <wsdl:output message="this:image_response"></wsdl:output>
            </wsdl:operation>
            <wsdl:operation name="getHigh">
              <wsdl:input message="this:getHighRequest"></wsdl:input>
              <wsdl:output message="this:image_response"></wsdl:output>
            </wsdl:operation>
            <wsdl:operation name="getVeryHigh">
              <wsdl:input message="this:getVeryHighRequest"></wsdl:input>
              <wsdl:output message="this:image_response"></wsdl:output>
            </wsdl:operation>
          </wsdl:portType>
          <wsdl:service name="GetImage">
            <wsdl:port binding="this:GetImage_http" name="GetImage_port">
              <http:address location="LOCAL"></http:address>
            </wsdl:port>
          </wsdl:service>
          <wsdl:binding name="GetImage_http" type="this:GetImagePortType">
            <http:binding verb="GET"></http:binding>
            <wsdl:operation name="getThumbnail">
              <http:operation location="(THUMBRES_IMG)"></http:operation>
              <wsdl:input>
                <http:urlReplacement></http:urlReplacement>
              </wsdl:input>
              <wsdl:output>
                <mime:content type="image/jpg"></mime:content>
              </wsdl:output>
            </wsdl:operation>
            <wsdl:operation name="getMedium">
              <http:operation location="(MEDRES_IMG)"></http:operation>
              <wsdl:input>
                <http:urlReplacement></http:urlReplacement>
              </wsdl:input>
              <wsdl:output>
                <mime:content type="image/jpg"></mime:content>
              </wsdl:output>
            </wsdl:operation>
            <wsdl:operation name="getHigh">
              <http:operation location="(HIGHRES_IMG)"></http:operation>
              <wsdl:input>
                <http:urlReplacement></http:urlReplacement>
              </wsdl:input>
              <wsdl:output>
                <mime:content type="image/jpg"></mime:content>
              </wsdl:output>
            </wsdl:operation>
            <wsdl:operation name="getVeryHigh">
              <http:operation location="(VERYHIGHRES_IMG)"></http:operation>
              <wsdl:input>
                <http:urlReplacement></http:urlReplacement>
              </wsdl:input>
              <wsdl:output>
                <mime:content type="image/jpg"></mime:content>
              </wsdl:output>
            </wsdl:operation>
          </wsdl:binding>
        </wsdl:definitions>
      